Model,Selected_Features,Internal_SFS_Score,Time (s)
LOG,5,1.0,114.10690793799586
DT,3,0.9741666666666668,40.711032154998975
RF,5,0.9875,3041.227850402007
SVM,8,1.0,146.03929167898605
