Source,Model,Strategy,mean_acc,std,min,max,n_fold
seeded_sfs_log,LogReg,custom_cv,1.0,0.0,1.0,1.0,5
seeded_sfs_log,LogReg,cv,1.0,0.0,1.0,1.0,5
seeded_sfs_log,LogReg,tts,0.97375,0.027420972306288163,0.9166666666666666,1.0,100
seeded_sfs_log,Tree,custom_cv,0.8841666666666669,0.04552166761249222,0.8125,0.9333333333333333,5
seeded_sfs_log,Tree,cv,0.8841666666666669,0.04552166761249222,0.8125,0.9333333333333333,5
seeded_sfs_log,Tree,tts,0.8791666666666668,0.060236801228337335,0.7083333333333334,1.0,100
