Model,Selected_Features,Internal_SFS_Score,Time (s)
LOG,9,0.9358333333333334,139.02734391699778
DT,12,0.9375,105.69294477600124
RF,11,0.925,4193.940119870007
SVM,13,0.9225,138.06964267898002
