Source,Model,Strategy,mean_acc,std,min,max,n_fold
seeded_sfs_log,LogReg,custom_cv,0.8200000000000001,0.1062753237795324,0.625,0.9333333333333333,5
seeded_sfs_log,LogReg,cv,0.8200000000000001,0.1062753237795324,0.625,0.9333333333333333,5
seeded_sfs_log,LogReg,tts,0.8275000000000001,0.05893145736079048,0.625,0.9583333333333334,100
seeded_sfs_log,Tree,custom_cv,0.7775,0.09066115179306102,0.6666666666666666,0.9375,5
seeded_sfs_log,Tree,cv,0.7775,0.09066115179306102,0.6666666666666666,0.9375,5
seeded_sfs_log,Tree,tts,0.7212499999999998,0.08634053219664563,0.4166666666666667,0.9166666666666666,100
