Source,Model,Strategy,mean_acc,std,min,max,n_fold
seeded_sfs_log,LogReg,custom_cv,0.9614285714285714,0.05562263523980512,0.8571428571428571,1.0,5
seeded_sfs_log,LogReg,cv,0.9614285714285714,0.05562263523980512,0.8571428571428571,1.0,5
seeded_sfs_log,LogReg,tts,0.9458064516129033,0.042765970114004015,0.8387096774193549,1.0,100
seeded_sfs_log,Tree,custom_cv,0.8623809523809524,0.038166599827645475,0.8,0.9047619047619048,5
seeded_sfs_log,Tree,cv,0.8623809523809524,0.038166599827645475,0.8,0.9047619047619048,5
seeded_sfs_log,Tree,tts,0.880967741935484,0.05155137461567701,0.7419354838709677,1.0,100
