Model,Selected_Features,Internal_SFS_Score,Time (s)
LOG,4,0.9346153846153846,35.32592434000253
DT,10,0.9833333333333334,30.885568714002147
RF,4,0.9346153846153846,955.2452157080045
SVM,5,0.9346153846153846,32.643529725995904
