Source,Model,Strategy,mean_acc,std,min,max,n_fold
seeded_sfs_log,LogReg,custom_cv,0.9846153846153847,0.03076923076923075,0.9230769230769231,1.0,5
seeded_sfs_log,LogReg,cv,0.9846153846153847,0.03076923076923075,0.9230769230769231,1.0,5
seeded_sfs_log,LogReg,tts,0.9821052631578948,0.030887159476044666,0.8947368421052632,1.0,100
seeded_sfs_log,Tree,custom_cv,0.8897435897435898,0.07749785261388416,0.7692307692307693,1.0,5
seeded_sfs_log,Tree,cv,0.8897435897435898,0.07749785261388416,0.7692307692307693,1.0,5
seeded_sfs_log,Tree,tts,0.8731578947368419,0.06096863550412997,0.631578947368421,1.0,100
