Source,Model,Strategy,mean_acc,std,min,max,n_fold
seeded_sfs_log,LogReg,custom_cv,0.7371794871794872,0.06384563896404481,0.6666666666666666,0.8333333333333334,5
seeded_sfs_log,LogReg,cv,0.7371794871794872,0.06384563896404481,0.6666666666666666,0.8333333333333334,5
seeded_sfs_log,LogReg,tts,0.6757894736842105,0.08378841575634695,0.47368421052631576,0.8421052631578947,100
seeded_sfs_log,Tree,custom_cv,0.5410256410256411,0.0372898450570487,0.5,0.5833333333333334,5
seeded_sfs_log,Tree,cv,0.5410256410256411,0.0372898450570487,0.5,0.5833333333333334,5
seeded_sfs_log,Tree,tts,0.42105263157894735,0.1114000552027196,0.21052631578947367,0.6842105263157895,100
