Source,Model,Strategy,mean_acc,std,min,max,n_fold
seeded_sfs_log,LogReg,custom_cv,0.7871794871794872,0.08381517501887771,0.6666666666666666,0.9166666666666666,5
seeded_sfs_log,LogReg,cv,0.7871794871794872,0.08381517501887771,0.6666666666666666,0.9166666666666666,5
seeded_sfs_log,LogReg,tts,0.7010526315789474,0.09786643620353229,0.47368421052631576,0.8947368421052632,100
seeded_sfs_log,Tree,custom_cv,0.5910256410256409,0.10032819254622487,0.4166666666666667,0.6666666666666666,5
seeded_sfs_log,Tree,cv,0.5910256410256409,0.10032819254622487,0.4166666666666667,0.6666666666666666,5
seeded_sfs_log,Tree,tts,0.42315789473684207,0.09234405136615288,0.21052631578947367,0.631578947368421,100
