Source,Model,Strategy,mean_acc,std,min,max,n_fold
seeded_sfs_log,LogReg,custom_cv,0.9666666666666668,0.06666666666666665,0.8333333333333334,1.0,5
seeded_sfs_log,LogReg,cv,0.9666666666666668,0.06666666666666665,0.8333333333333334,1.0,5
seeded_sfs_log,LogReg,tts,0.958421052631579,0.05225920905206968,0.7894736842105263,1.0,100
seeded_sfs_log,Tree,custom_cv,0.9358974358974359,0.05832981110808886,0.8461538461538461,1.0,5
seeded_sfs_log,Tree,cv,0.9358974358974359,0.05832981110808886,0.8461538461538461,1.0,5
seeded_sfs_log,Tree,tts,0.9389473684210526,0.05455435166252606,0.7368421052631579,1.0,100
