Model,Selected_Features,Internal_SFS_Score,Time (s)
LOG,7,0.9833333333333334,175.75089231900347
DT,7,0.9166666666666669,108.74583149800016
RF,6,0.8833333333333334,4188.399078866001
SVM,9,1.0,166.45881449599983
