Source,Model,Strategy,mean_acc,std,min,max,n_fold
seeded_sfs_log,LogReg,custom_cv,0.9703658536585366,0.01018566488674201,0.95,0.975609756097561,5
seeded_sfs_log,LogReg,cv,0.9703658536585366,0.01018566488674201,0.95,0.975609756097561,5
seeded_sfs_log,LogReg,tts,0.9591803278688524,0.021561584081166735,0.9016393442622951,1.0,100
seeded_sfs_log,Tree,custom_cv,0.9557317073170731,0.01819322555997219,0.926829268292683,0.975609756097561,5
seeded_sfs_log,Tree,cv,0.9557317073170731,0.01819322555997219,0.926829268292683,0.975609756097561,5
seeded_sfs_log,Tree,tts,0.9511475409836065,0.028768506773798448,0.8688524590163934,1.0,100
