Source,Model,Strategy,mean_acc,std,min,max,n_fold
seeded_sfs_log,LogReg,custom_cv,0.9852439024390243,0.012050360319059157,0.975,1.0,5
seeded_sfs_log,LogReg,cv,0.9852439024390243,0.012050360319059157,0.975,1.0,5
seeded_sfs_log,LogReg,tts,0.9539344262295083,0.027006424230999027,0.8852459016393442,1.0,100
seeded_sfs_log,Tree,custom_cv,0.9409756097560976,0.0293175398688554,0.9024390243902439,0.975609756097561,5
seeded_sfs_log,Tree,cv,0.9409756097560976,0.0293175398688554,0.9024390243902439,0.975609756097561,5
seeded_sfs_log,Tree,tts,0.9408196721311475,0.026321049277039512,0.8688524590163934,1.0,100
