Model,Selected_Features,Internal_SFS_Score,Time (s)
LOG,4,1.0,190.4245332389837
DT,4,0.9866666666666668,88.89867609299836
RF,4,0.9608333333333334,5001.986041911994
SVM,7,1.0,192.5215414380073
