Model,Selected_Features,Internal_SFS_Score,Time (s)
LOG,6,0.9772727272727272,118.78668149199802
DT,6,0.9045454545454544,50.683944659998815
RF,6,0.9772727272727272,2620.808770978001
SVM,11,1.0,120.18944878199908
