Source,Model,Strategy,mean_acc,std,min,max,n_fold
seeded_sfs_log,LogReg,custom_cv,0.9777777777777779,0.04444444444444447,0.8888888888888888,1.0,5
seeded_sfs_log,LogReg,cv,0.9777777777777779,0.04444444444444447,0.8888888888888888,1.0,5
seeded_sfs_log,LogReg,tts,0.8753846153846153,0.08340391488264493,0.6923076923076923,1.0,100
seeded_sfs_log,Tree,custom_cv,0.6583333333333333,0.18333333333333335,0.5,1.0,5
seeded_sfs_log,Tree,cv,0.6583333333333333,0.18333333333333335,0.5,1.0,5
seeded_sfs_log,Tree,tts,0.6492307692307692,0.09870163035289503,0.46153846153846156,0.9230769230769231,100
