Source,Model,Strategy,mean_acc,std,min,max,n_fold
seeded_sfs_log,LogReg,custom_cv,0.9277777777777778,0.059186877090729215,0.875,1.0,5
seeded_sfs_log,LogReg,cv,0.9277777777777778,0.059186877090729215,0.875,1.0,5
seeded_sfs_log,LogReg,tts,0.8969230769230768,0.06812796869379856,0.6153846153846154,1.0,100
seeded_sfs_log,Tree,custom_cv,0.6861111111111111,0.12957670877434,0.5,0.8888888888888888,5
seeded_sfs_log,Tree,cv,0.6861111111111111,0.12957670877434,0.5,0.8888888888888888,5
seeded_sfs_log,Tree,tts,0.6899999999999998,0.11638286134221476,0.38461538461538464,0.9230769230769231,100
