Model,Selected_Features,Internal_SFS_Score,Time (s)
LOG,17,0.8842105263157893,322.9308911900007
DT,6,0.8526315789473685,56.61108729100306
RF,8,0.8105263157894737,4302.145751121003
SVM,16,0.9157894736842104,183.25937249598792
