Source,Model,Strategy,mean_acc,std,min,max,n_fold
seeded_sfs_log,LogReg,custom_cv,0.7894736842105263,0.12892051277806202,0.631578947368421,1.0,5
seeded_sfs_log,LogReg,cv,0.7894736842105263,0.12892051277806202,0.631578947368421,1.0,5
seeded_sfs_log,LogReg,tts,0.6944827586206899,0.06879634423271319,0.4827586206896552,0.8275862068965517,100
seeded_sfs_log,Tree,custom_cv,0.5684210526315789,0.11239029738980327,0.42105263157894735,0.7368421052631579,5
seeded_sfs_log,Tree,cv,0.5684210526315789,0.11239029738980327,0.42105263157894735,0.7368421052631579,5
seeded_sfs_log,Tree,tts,0.559655172413793,0.08514588446251342,0.3793103448275862,0.7586206896551724,100
