Model,Selected_Features,Internal_SFS_Score,Time (s)
LOG,6,0.9861111111111112,166.19543427600001
DT,6,0.9861111111111112,69.1228901919967
RF,8,0.9861111111111112,4373.89968735
SVM,6,1.0,110.9051679080003
