Source,Model,Strategy,mean_acc,std,min,max,n_fold
seeded_sfs_log,LogReg,custom_cv,0.9857142857142858,0.02857142857142856,0.9285714285714286,1.0,5
seeded_sfs_log,LogReg,cv,0.9857142857142858,0.02857142857142856,0.9285714285714286,1.0,5
seeded_sfs_log,LogReg,tts,0.9745454545454545,0.034807617671048445,0.8181818181818182,1.0,100
seeded_sfs_log,Tree,custom_cv,0.959047619047619,0.03348265872618465,0.9285714285714286,1.0,5
seeded_sfs_log,Tree,cv,0.959047619047619,0.03348265872618465,0.9285714285714286,1.0,5
seeded_sfs_log,Tree,tts,0.9281818181818181,0.06336957061033982,0.6363636363636364,1.0,100
