Source,Model,Strategy,mean_acc,std,min,max,n_fold
seeded_sfs_log,LogReg,custom_cv,0.9714285714285715,0.03499271061118824,0.9285714285714286,1.0,5
seeded_sfs_log,LogReg,cv,0.9714285714285715,0.03499271061118824,0.9285714285714286,1.0,5
seeded_sfs_log,LogReg,tts,0.9463636363636364,0.04424761281322894,0.8181818181818182,1.0,100
seeded_sfs_log,Tree,custom_cv,0.9019047619047619,0.0558260986276299,0.8571428571428571,1.0,5
seeded_sfs_log,Tree,cv,0.9019047619047619,0.0558260986276299,0.8571428571428571,1.0,5
seeded_sfs_log,Tree,tts,0.8809090909090906,0.06916861658773549,0.6363636363636364,1.0,100
