Model,Selected_Features,Internal_SFS_Score,Time (s)
LOG,4,1.0,162.25904828700004
DT,2,0.96,58.30320964699968
RF,2,0.9733333333333334,2683.557399684003
SVM,5,1.0,135.96339862099558
