Source,Model,Strategy,mean_acc,std,min,max,n_fold
seeded_sfs_log,LogReg,custom_cv,1.0,0.0,1.0,1.0,5
seeded_sfs_log,LogReg,cv,1.0,0.0,1.0,1.0,5
seeded_sfs_log,LogReg,tts,0.9931818181818183,0.017457149426974104,0.9090909090909091,1.0,100
seeded_sfs_log,Tree,custom_cv,0.8885714285714286,0.08251159473253515,0.7857142857142857,1.0,5
seeded_sfs_log,Tree,cv,0.8885714285714286,0.08251159473253515,0.7857142857142857,1.0,5
seeded_sfs_log,Tree,tts,0.9027272727272727,0.06299022618661822,0.6818181818181818,1.0,100
