algorithm,elapsed_ms,n_features_selected
variance,337.3629589987104,17
correlation,299048.44376400433,17
chi_squared,1267.2503089997915,17
mutual_information,63638.15558100032,17
anova_f_test,303.33017799421214,17
variance,341.5141520090401,50
correlation,175038.05950601236,50
chi_squared,1028.8379300036468,50
mutual_information,34482.665176998125,50
anova_f_test,255.54268798441626,50
